Year,Week,Tier,Team,Owner,Rank,Player,Pos,Points
2026,3,Upper,Happy Valley Hammer Time,Tony Trozzo,1,B. Purdy,,39.28
2026,3,Upper,Happy Valley Hammer Time,Tony Trozzo,2,B. Nix,,27.14
2026,3,Upper,Happy Valley Hammer Time,Tony Trozzo,3,N. Dean,,16.0
2026,3,Upper,Bad Attitude Gang,Mike Murello,1,T. Shough,,28.8
2026,3,Upper,Bad Attitude Gang,Mike Murello,2,J. Smith-Njigba,,25.36
2026,3,Upper,Bad Attitude Gang,Mike Murello,3,W. Anderson Jr.,,18.5
2026,3,Upper,South Hills FunShiners,BJ Funari,1,B. Robinson,,33.3
2026,3,Upper,South Hills FunShiners,BJ Funari,2,G. Smith,,31.04
2026,3,Upper,South Hills FunShiners,BJ Funari,3,K. Cousins,,28.22
2026,3,Upper,Marco Clair Kardiac Attack,David Murello,1,L. Jackson,,24.44
2026,3,Upper,Marco Clair Kardiac Attack,David Murello,2,C. Stroud,,13.68
2026,3,Upper,Marco Clair Kardiac Attack,David Murello,3,D. Davis,,11.5
2026,3,Upper,Jake's Jagoffs,Jacob Nickman,1,J. Brissett,,29.6
2026,3,Upper,Jake's Jagoffs,Jacob Nickman,2,G. Kittle,,20.2
2026,3,Upper,Jake's Jagoffs,Jacob Nickman,3,D. Samuel Sr.,,18.9
2026,3,Upper,The Prodigal Sons,Jon Murello/ Rick Simmons,1,J. Cook III,,18.4
2026,3,Upper,The Prodigal Sons,Jon Murello/ Rick Simmons,2,C. Watson,,15.6
2026,3,Upper,The Prodigal Sons,Jon Murello/ Rick Simmons,3,B. Young,,14.64
2026,3,Upper,Mike Vicks Dog Sitting Co.,Braiden Snyder,1,D. London,,20.4
2026,3,Upper,Mike Vicks Dog Sitting Co.,Braiden Snyder,2,K. Walker III,,19.3
2026,3,Upper,Mike Vicks Dog Sitting Co.,Braiden Snyder,3,K. Williams,,15.8
2026,3,Upper,The Big Bang Theory,Dan Reilly,1,F. Warner,,16.5
2026,3,Upper,The Big Bang Theory,Dan Reilly,2,J. Williams,,16.3
2026,3,Upper,The Big Bang Theory,Dan Reilly,3,T. Higgins,,15.0
2026,3,Upper,Hadley's Comets,Brian Murello/ Ron Murello,1,J. Burrow,,27.58
2026,3,Upper,Hadley's Comets,Brian Murello/ Ron Murello,2,D. Prescott,,20.94
2026,3,Upper,Hadley's Comets,Brian Murello/ Ron Murello,3,D. Henry,,20.9
2026,3,Upper,Southside Shooters,Jon Fetrow/ Casey Trozzo,1,C. Keenum,,28.48
2026,3,Upper,Southside Shooters,Jon Fetrow/ Casey Trozzo,2,T. Lawrence,,24.78
2026,3,Upper,Southside Shooters,Jon Fetrow/ Casey Trozzo,3,C. Lamb,,13.2
2026,3,Upper,Turkey Hat Conglomerate,Ed Peters,1,J. Gibbs,,34.4
2026,3,Upper,Turkey Hat Conglomerate,Ed Peters,2,J. Goff,,23.36
2026,3,Upper,Turkey Hat Conglomerate,Ed Peters,3,P. Mahomes,,18.94
2026,3,Upper,Reilly's Reindeer,Joe Reilly,1,J. Love,,21.48
2026,3,Upper,Reilly's Reindeer,Joe Reilly,2,C. McCaffrey,,17.6
2026,3,Upper,Reilly's Reindeer,Joe Reilly,3,R. Smith,,12.5
2026,3,Lower,Camp Kes,Bob Keslar,1,T. Hufanga,,22.5
2026,3,Lower,Camp Kes,Bob Keslar,2,P. Mahomes,,18.94
2026,3,Lower,Camp Kes,Bob Keslar,3,N. Dean,,16.0
2026,3,Lower,Fightin Ferrets,Todd Trozzo,1,L. Jackson,,24.44
2026,3,Lower,Fightin Ferrets,Todd Trozzo,2,K. Walker III,,19.3
2026,3,Lower,Fightin Ferrets,Todd Trozzo,3,J. Warren,,17.6
2026,3,Lower,The Best in The 'Burgh,Ben Funari,1,B. Purdy,,39.28
2026,3,Lower,The Best in The 'Burgh,Ben Funari,2,J. Smith-Njigba,,25.36
2026,3,Lower,The Best in The 'Burgh,Ben Funari,3,J. Rodriguez,,17.0
2026,3,Lower,The V-Unit,Chris Johnson,1,J. Burrow,,27.58
2026,3,Lower,The V-Unit,Chris Johnson,2,T. Lawrence,,24.78
2026,3,Lower,The V-Unit,Chris Johnson,3,D. Henry,,20.9
2026,3,Lower,Sarge's Squad,Nick Yankovich,1,D. Prescott,,20.94
2026,3,Lower,Sarge's Squad,Nick Yankovich,2,C. McCaffrey,,17.6
2026,3,Lower,Sarge's Squad,Nick Yankovich,3,M. Golden,,16.0
2026,3,Lower,Tommy Phamclub,Sam Lavrinc,1,J. Brissett,,29.6
2026,3,Lower,Tommy Phamclub,Sam Lavrinc,2,J. Cook III,,18.4
2026,3,Lower,Tommy Phamclub,Sam Lavrinc,3,B. Young,,14.64
2026,3,Lower,Portly Primates,Charles Lavrinc,1,B. Robinson,,33.3
2026,3,Lower,Portly Primates,Charles Lavrinc,2,G. Smith,,31.04
2026,3,Lower,Portly Primates,Charles Lavrinc,3,W. Anderson Jr.,,18.5
2026,3,Lower,Tony's Talented Team,Tony Brooks,1,J. Gibbs,,34.4
2026,3,Lower,Tony's Talented Team,Tony Brooks,2,T. Shough,,28.8
2026,3,Lower,Tony's Talented Team,Tony Brooks,3,B. Bowers,,17.6
2026,3,Lower,Steel City Champyinz,Dominic Nicastro,1,M. Stafford,,22.9
2026,3,Lower,Steel City Champyinz,Dominic Nicastro,2,G. Kittle,,20.2
2026,3,Lower,Steel City Champyinz,Dominic Nicastro,3,D. Samuel Sr.,,18.9
2026,4,Upper,Bad Attitude Gang,Mike Murello,1,T. McMillan,WR,31.2
2026,4,Upper,Bad Attitude Gang,Mike Murello,2,C. Hubbard,RB,24.9
2026,4,Upper,Bad Attitude Gang,Mike Murello,3,J. Allen,QB,19.52
2026,4,Upper,South Hills FunShiners,BJ Funari,1,B. Robinson,RB,26.7
2026,4,Upper,South Hills FunShiners,BJ Funari,2,K. Cousins,QB,25.6
2026,4,Upper,South Hills FunShiners,BJ Funari,3,P. Nacua,WR,18.7
2026,4,Upper,Mike Vicks Dog Sitting Co.,Braiden Snyder,1,D. Maye,QB,30.16
2026,4,Upper,Mike Vicks Dog Sitting Co.,Braiden Snyder,2,K. Walker III,RB,29.9
2026,4,Upper,Mike Vicks Dog Sitting Co.,Braiden Snyder,3,K. Williams,RB,27.7
2026,4,Upper,The Prodigal Sons,Jon Murello/ Rick Simmons,1,B. Young,QB,25.46
2026,4,Upper,The Prodigal Sons,Jon Murello/ Rick Simmons,2,J. Taylor,RB,21.7
2026,4,Upper,The Prodigal Sons,Jon Murello/ Rick Simmons,3,A. Reese,LB,17.0
2026,4,Upper,Marco Clair Kardiac Attack,David Murello,1,C. Stroud,QB,27.08
2026,4,Upper,Marco Clair Kardiac Attack,David Murello,2,L. Jackson,QB,22.88
2026,4,Upper,Marco Clair Kardiac Attack,David Murello,3,A. Kamara,RB,17.8
2026,4,Upper,Turkey Hat Conglomerate,Ed Peters,1,K. Monangai,RB,27.0
2026,4,Upper,Turkey Hat Conglomerate,Ed Peters,2,J. Goff,QB,22.48
2026,4,Upper,Turkey Hat Conglomerate,Ed Peters,3,P. Mahomes,QB,21.0
2026,4,Upper,The Big Bang Theory,Dan Reilly,1,J. Williams,RB,26.3
2026,4,Upper,The Big Bang Theory,Dan Reilly,2,Z. Flowers,WR,17.8
2026,4,Upper,The Big Bang Theory,Dan Reilly,3,R. Shaheed,WR,16.3
2026,4,Upper,Reilly's Reindeer,Joe Reilly,1,S. Darnold,QB,16.32
2026,4,Upper,Reilly's Reindeer,Joe Reilly,2,J. Love,QB,16.08
2026,4,Upper,Reilly's Reindeer,Joe Reilly,3,C. McCaffrey,RB,13.0
2026,4,Upper,Happy Valley Hammer Time,Tony Trozzo,1,E. Wilson,RB,25.0
2026,4,Upper,Happy Valley Hammer Time,Tony Trozzo,2,B. Purdy,QB,23.62
2026,4,Upper,Happy Valley Hammer Time,Tony Trozzo,3,E. Williams,S,13.0
2026,4,Upper,Southside Shooters,Jon Fetrow/ Casey Trozzo,1,C. Lamb,WR,24.3
2026,4,Upper,Southside Shooters,Jon Fetrow/ Casey Trozzo,2,T. Lawrence,QB,15.08
2026,4,Upper,Southside Shooters,Jon Fetrow/ Casey Trozzo,3,J. Warren,RB,12.6
2026,4,Upper,Jake's Jagoffs,Jacob Nickman,1,B. Robinson Jr.,RB,24.7
2026,4,Upper,Jake's Jagoffs,Jacob Nickman,2,N. Collins,WR,23.8
2026,4,Upper,Jake's Jagoffs,Jacob Nickman,3,D. Samuel Sr.,WR,15.0
2026,4,Upper,Hadley's Comets,Brian Murello/ Ron Murello,1,J. Burrow,QB,23.72
2026,4,Upper,Hadley's Comets,Brian Murello/ Ron Murello,2,D. Prescott,QB,20.1
2026,4,Upper,Hadley's Comets,Brian Murello/ Ron Murello,3,B. Bowers,TE,14.6
2026,4,Lower,Fightin Ferrets,Todd Trozzo,1,K. Walker III,RB,29.9
2026,4,Lower,Fightin Ferrets,Todd Trozzo,2,L. Jackson,QB,22.88
2026,4,Lower,Fightin Ferrets,Todd Trozzo,3,J. Allen,QB,19.52
2026,4,Lower,The V-Unit,Chris Johnson,1,J. Burrow,QB,23.72
2026,4,Lower,The V-Unit,Chris Johnson,2,T. Lawrence,QB,15.08
2026,4,Lower,The V-Unit,Chris Johnson,3,S. LaPorta,TE,14.4
2026,4,Lower,Steel City Champyinz,Dominic Nicastro,1,K. Williams,RB,27.7
2026,4,Lower,Steel City Champyinz,Dominic Nicastro,2,A. Reese,LB,17.0
2026,4,Lower,Steel City Champyinz,Dominic Nicastro,3,E. Jones IV,LB,16.0
2026,4,Lower,Sarge's Squad,Nick Yankovich,1,D. Prescott,QB,20.1
2026,4,Lower,Sarge's Squad,Nick Yankovich,2,P. Nacua,WR,18.7
2026,4,Lower,Sarge's Squad,Nick Yankovich,3,S. Darnold,QB,16.32
2026,4,Lower,Portly Primates,Charles Lavrinc,1,B. Robinson,RB,26.7
2026,4,Lower,Portly Primates,Charles Lavrinc,2,C. Hubbard,RB,24.9
2026,4,Lower,Portly Primates,Charles Lavrinc,3,J. Taylor,RB,21.7
2026,4,Lower,The Best in The 'Burgh,Ben Funari,1,J. Williams,RB,26.3
2026,4,Lower,The Best in The 'Burgh,Ben Funari,2,B. Purdy,QB,23.62
2026,4,Lower,The Best in The 'Burgh,Ben Funari,3,T. Edmunds,LB,13.5
2026,4,Lower,Tommy Phamclub,Sam Lavrinc,1,B. Young,QB,25.46
2026,4,Lower,Tommy Phamclub,Sam Lavrinc,2,C. Lamb,WR,24.3
2026,4,Lower,Tommy Phamclub,Sam Lavrinc,3,B. Young,DE,15.0
2026,4,Lower,Tony's Talented Team,Tony Brooks,1,T. Shough,QB,17.94
2026,4,Lower,Tony's Talented Team,Tony Brooks,2,Z. Flowers,WR,17.8
2026,4,Lower,Tony's Talented Team,Tony Brooks,3,J. Hurts,QB,17.52
2026,4,Lower,Camp Kes,Bob Keslar,1,T. McMillan,WR,31.2
2026,4,Lower,Camp Kes,Bob Keslar,2,P. Mahomes,QB,21.0
2026,4,Lower,Camp Kes,Bob Keslar,3,K. Murray,QB,11.48
