Owner,YEAR,TEAM,W,L,T,Season,Champ,Runner,Division,Playoff,Lower-Tier 1st,Lower-Tier Runner Up,Promotion Showdown Winner
Brian Murello / Ron Murello,2002,Swissvale SkeeDaddies,,,,1,0,0,0,0,0,0,0
Brian Murello / Ron Murello,2003,Swissvale SkeeDaddies,,,,1,0,0,0,0,0,0,0
Brian Murello / Ron Murello,2004,Swissvale SkeeDaddies,,,,1,0,0,0,0,0,0,0
Chris Johnson,2003,The V-Unit,,,,1,0,0,0,0,0,0,0
Chris Johnson,2004,The V-Unit,,,,1,0,0,0,0,0,0,0
David Murello,2003,Kardiac Kids,,,,1,0,0,0,0,0,0,0
David Murello,2004,Kardiac Kids,,,,1,0,0,0,0,0,0,0
Jacob Nickman,2002,Jake's Jagoffs,,,,1,0,0,0,0,0,0,0
Jacob Nickman,2003,Jake's Jagoffs,,,,1,0,0,0,0,0,0,0
Jacob Nickman,2004,Jake's Jagoffs,,,,1,0,0,0,0,0,0,0
Jeff Grace,2002,. Pardon the Intoxication,,,,1,0,0,0,0,0,0,0
Jeff Grace,2003,. Pardon the Intoxication,,,,1,1,0,0,0,0,0,0
Jeff Grace,2004,. Pardon the Intoxication,,,,1,0,0,0,0,0,0,0
Jimmy Crisan,2003,Warren Brownies,,,,1,0,0,0,0,0,0,0
Jimmy Crisan,2004,Warren Brownies,,,,1,1,0,0,0,0,0,0
Joe Reilly,2002,Reilly's RaMPagE,,,,1,0,0,0,0,0,0,0
Joe Reilly,2003,Reilly's RaMPagE,,,,1,0,0,0,0,0,0,0
Joe Reilly,2004,Reilly's RaMPagE,,,,1,0,0,0,0,0,0,0
Josh Lavrinc,2002,Jefferson Juggernauts,,,,1,1,0,0,0,0,0,0
Josh Lavrinc,2003,Jefferson Juggernauts,,,,1,0,0,0,0,0,0,0
Josh Lavrinc,2004,Jefferson Juggernauts,,,,1,0,0,0,0,0,0,0
Mike Murello,2002,Bad Attitude Gang,,,,1,1,0,0,0,0,0,0
Mike Murello,2003,Bad Attitude Gang,,,,1,0,0,0,0,0,0,0
Mike Murello,2004,Bad Attitude Gang,,,,1,0,0,0,0,0,0,0
Todd Trozzo,2003,U-Town Fightin Ferrets,,,,1,0,0,0,0,0,0,0
Todd Trozzo,2004,U-Town Fightin Ferrets,,,,1,0,0,0,0,0,0,0
Tony Trozzo,2002,Happy Valley Hammer Time,,,,1,0,0,0,0,0,0,0
Tony Trozzo,2003,Happy Valley Hammer Time,,,,1,0,0,0,0,0,0,0
Tony Trozzo,2004,Happy Valley Hammer Time,,,,1,0,0,0,0,0,0,0
